{"cameraMode":{"drawMode":0,"name":"Shaded","section":"Shading Mode"},"sceneLighting":true,"audioPlay":false,"sceneViewState":{"m_AlwaysRefresh":false,"showFog":true,"showSkybox":true,"showFlares":true,"showImageEffects":true,"showParticleSystems":true,"showVisualEffectGraphs":true,"m_FxEnabled":true},"in2DMode":false,"pivot":{"x":0.37848344445228579,"y":0.30153369903564455,"z":0.36095118522644045},"rotation":{"x":0.4223620593547821,"y":0.051616400480270389,"z":-0.0240988340228796,"w":0.9046362042427063},"size":4.160510540008545,"orthographic":false}